price,deal_type,uuid,apartmenttype_uuid,contract_ym
253948,deal,contract_0,apartmenttype_684,202108
339340,deal,contract_1,apartmenttype_689,202107
325436,deal,contract_2,apartmenttype_690,202110
349602,deal,contract_3,apartmenttype_691,202105
387407,deal,contract_4,apartmenttype_692,202203
426445,deal,contract_5,apartmenttype_695,202110
403316,deal,contract_6,apartmenttype_697,202107
260925,deal,contract_7,apartmenttype_701,202109
469508,deal,contract_8,apartmenttype_705,202106
260000,deal,contract_9,apartmenttype_577,201911
270000,deal,contract_10,apartmenttype_578,202106
267000,deal,contract_11,apartmenttype_579,202105
379000,deal,contract_12,apartmenttype_580,202108
466000,deal,contract_13,apartmenttype_581,202201
431000,deal,contract_14,apartmenttype_582,202204
410000,deal,contract_15,apartmenttype_583,202205
375000,deal,contract_16,apartmenttype_584,202108
540000,deal,contract_17,apartmenttype_585,202204
500000,deal,contract_18,apartmenttype_586,202109
360000,deal,contract_19,apartmenttype_587,202006
488000,deal,contract_20,apartmenttype_588,202107
500000,deal,contract_21,apartmenttype_589,202108
640000,deal,contract_22,apartmenttype_590,202204
590000,deal,contract_23,apartmenttype_591,202206
510000,deal,contract_24,apartmenttype_592,202201
680000,deal,contract_25,apartmenttype_593,202205
540000,deal,contract_26,apartmenttype_594,202012
489000,deal,contract_27,apartmenttype_595,202105
582500,deal,contract_28,apartmenttype_596,202107
597000,deal,contract_29,apartmenttype_598,202108
163000,deal,contract_30,apartmenttype_513,202105
190000,deal,contract_31,apartmenttype_514,202107
158000,deal,contract_32,apartmenttype_516,202110
200000,deal,contract_33,apartmenttype_517,202009
225000,deal,contract_34,apartmenttype_518,202105
250000,deal,contract_35,apartmenttype_540,202105
225000,deal,contract_36,apartmenttype_541,202008
340000,deal,contract_37,apartmenttype_542,202112
289000,deal,contract_38,apartmenttype_543,202101
383000,deal,contract_39,apartmenttype_544,202103
475000,deal,contract_40,apartmenttype_545,202204
275000,deal,contract_41,apartmenttype_546,202106
252500,deal,contract_42,apartmenttype_547,202204
360000,deal,contract_43,apartmenttype_549,202109
380000,deal,contract_44,apartmenttype_550,202205
390000,deal,contract_45,apartmenttype_551,202205
414000,deal,contract_46,apartmenttype_552,202102
435000,deal,contract_47,apartmenttype_553,202111
559000,deal,contract_48,apartmenttype_554,202206
360000,deal,contract_49,apartmenttype_555,202008
600000,deal,contract_50,apartmenttype_556,202201
527000,deal,contract_51,apartmenttype_557,202108
715000,deal,contract_52,apartmenttype_558,202204
552000,deal,contract_53,apartmenttype_559,202108
428000,deal,contract_54,apartmenttype_560,202008
780000,deal,contract_55,apartmenttype_561,202203
253500,deal,contract_56,apartmenttype_562,202107
282000,deal,contract_57,apartmenttype_563,202205
390000,deal,contract_58,apartmenttype_564,202205
367000,deal,contract_59,apartmenttype_565,202205
360000,deal,contract_60,apartmenttype_566,202204
466000,deal,contract_61,apartmenttype_567,202111
455000,deal,contract_62,apartmenttype_568,202201
570000,deal,contract_63,apartmenttype_569,202204
520000,deal,contract_64,apartmenttype_570,202112
540000,deal,contract_65,apartmenttype_571,202112
484000,deal,contract_66,apartmenttype_572,202104
690000,deal,contract_67,apartmenttype_573,202203
750000,deal,contract_68,apartmenttype_574,202203
650000,deal,contract_69,apartmenttype_575,202108
728000,deal,contract_70,apartmenttype_576,202111
195500,deal,contract_71,apartmenttype_604,202006
255000,deal,contract_72,apartmenttype_605,202007
285000,deal,contract_73,apartmenttype_606,202009
245000,deal,contract_74,apartmenttype_615,202205
333000,deal,contract_75,apartmenttype_616,202204
223000,deal,contract_76,apartmenttype_617,201910
367000,deal,contract_77,apartmenttype_618,202112
380000,deal,contract_78,apartmenttype_619,202205
295000,deal,contract_79,apartmenttype_679,202105
179000,deal,contract_80,apartmenttype_323,202110
179000,deal,contract_81,apartmenttype_324,202102
47400,deal,contract_82,apartmenttype_325,202103
63500,deal,contract_83,apartmenttype_327,202105
65500,deal,contract_84,apartmenttype_328,202107
105000,deal,contract_85,apartmenttype_329,202106
130000,deal,contract_86,apartmenttype_621,202107
144000,deal,contract_87,apartmenttype_622,202103
155000,deal,contract_88,apartmenttype_623,202006
165000,deal,contract_89,apartmenttype_332,202006
250000,deal,contract_90,apartmenttype_333,202110
164281,deal,contract_91,apartmenttype_330,202111
298500,deal,contract_92,apartmenttype_334,202204
325000,deal,contract_93,apartmenttype_336,202203
293000,deal,contract_94,apartmenttype_337,202106
300000,deal,contract_95,apartmenttype_338,202112
232500,deal,contract_96,apartmenttype_339,202104
269000,deal,contract_97,apartmenttype_340,202104
270000,deal,contract_98,apartmenttype_341,202108
300000,deal,contract_99,apartmenttype_342,202105
143000,deal,contract_100,apartmenttype_343,202105
124000,deal,contract_101,apartmenttype_344,202002
179000,deal,contract_102,apartmenttype_345,202104
165000,deal,contract_103,apartmenttype_346,202006
201000,deal,contract_104,apartmenttype_347,202108
196000,deal,contract_105,apartmenttype_348,201912
165000,deal,contract_106,apartmenttype_349,201907
240000,deal,contract_107,apartmenttype_350,202206
165000,deal,contract_108,apartmenttype_351,202006
220000,deal,contract_109,apartmenttype_352,202106
222000,deal,contract_110,apartmenttype_353,202206
168500,deal,contract_111,apartmenttype_354,202104
240000,deal,contract_112,apartmenttype_355,202112
147000,deal,contract_113,apartmenttype_356,202101
210000,deal,contract_114,apartmenttype_358,202107
220000,deal,contract_115,apartmenttype_359,202108
148000,deal,contract_116,apartmenttype_360,202006
188600,deal,contract_117,apartmenttype_361,202204
255000,deal,contract_118,apartmenttype_362,202204
156000,deal,contract_119,apartmenttype_363,202109
280000,deal,contract_120,apartmenttype_365,202204
195000,deal,contract_121,apartmenttype_239,202204
250000,deal,contract_122,apartmenttype_366,202109
305000,deal,contract_123,apartmenttype_367,202206
200000,deal,contract_124,apartmenttype_368,202109
242000,deal,contract_125,apartmenttype_369,202106
235000,deal,contract_126,apartmenttype_370,202109
290000,deal,contract_127,apartmenttype_373,202104
296000,deal,contract_128,apartmenttype_374,202101
460000,deal,contract_129,apartmenttype_375,202110
281000,deal,contract_130,apartmenttype_379,202110
320000,deal,contract_131,apartmenttype_382,202108
325000,deal,contract_132,apartmenttype_384,202007
135000,deal,contract_133,apartmenttype_240,202106
145500,deal,contract_134,apartmenttype_241,202203
155000,deal,contract_135,apartmenttype_388,202104
182500,deal,contract_136,apartmenttype_390,202012
173300,deal,contract_137,apartmenttype_386,202006
240000,deal,contract_138,apartmenttype_387,202102
213000,deal,contract_139,apartmenttype_391,202110
197500,deal,contract_140,apartmenttype_392,202107
190000,deal,contract_141,apartmenttype_393,202103
193000,deal,contract_142,apartmenttype_394,202103
355000,deal,contract_143,apartmenttype_395,202105
330000,deal,contract_144,apartmenttype_396,202101
175000,deal,contract_145,apartmenttype_397,202101
182500,deal,contract_146,apartmenttype_399,202103
270000,deal,contract_147,apartmenttype_624,202204
148500,deal,contract_148,apartmenttype_625,202003
220000,deal,contract_149,apartmenttype_626,202205
256500,deal,contract_150,apartmenttype_400,202101
260000,deal,contract_151,apartmenttype_401,202108
191000,deal,contract_152,apartmenttype_402,202006
347000,deal,contract_153,apartmenttype_404,202110
210000,deal,contract_154,apartmenttype_405,202012
275000,deal,contract_155,apartmenttype_406,202107
260000,deal,contract_156,apartmenttype_407,202204
172000,deal,contract_157,apartmenttype_408,201910
280000,deal,contract_158,apartmenttype_412,202111
237000,deal,contract_159,apartmenttype_413,202103
156000,deal,contract_160,apartmenttype_417,202006
195000,deal,contract_161,apartmenttype_418,202111
225000,deal,contract_162,apartmenttype_419,202104
254500,deal,contract_163,apartmenttype_420,202110
164500,deal,contract_164,apartmenttype_421,202006
227500,deal,contract_165,apartmenttype_422,202203
163000,deal,contract_166,apartmenttype_423,201911
182500,deal,contract_167,apartmenttype_627,202205
175000,deal,contract_168,apartmenttype_628,202101
128000,deal,contract_169,apartmenttype_629,201907
243000,deal,contract_170,apartmenttype_630,202205
250000,deal,contract_171,apartmenttype_631,202105
257000,deal,contract_172,apartmenttype_632,202105
275000,deal,contract_173,apartmenttype_634,202010
233000,deal,contract_174,apartmenttype_433,202107
219800,deal,contract_175,apartmenttype_424,202007
310000,deal,contract_176,apartmenttype_426,202105
200000,deal,contract_177,apartmenttype_427,202006
288000,deal,contract_178,apartmenttype_429,202108
130000,deal,contract_179,apartmenttype_242,202107
138000,deal,contract_180,apartmenttype_243,202204
315000,deal,contract_181,apartmenttype_434,202110
238000,deal,contract_182,apartmenttype_435,202101
306500,deal,contract_183,apartmenttype_436,202202
267500,deal,contract_184,apartmenttype_437,202101
319000,deal,contract_185,apartmenttype_439,202201
277000,deal,contract_186,apartmenttype_440,202107
328000,deal,contract_187,apartmenttype_441,202202
327000,deal,contract_188,apartmenttype_442,202203
369000,deal,contract_189,apartmenttype_443,202108
308250,deal,contract_190,apartmenttype_444,201909
133000,deal,contract_191,apartmenttype_635,202112
165000,deal,contract_192,apartmenttype_636,202108
233000,deal,contract_193,apartmenttype_637,202109
240000,deal,contract_194,apartmenttype_639,202110
222500,deal,contract_195,apartmenttype_640,201912
147000,deal,contract_196,apartmenttype_445,202006
170000,deal,contract_197,apartmenttype_446,202105
176750,deal,contract_198,apartmenttype_448,202106
241000,deal,contract_199,apartmenttype_452,202204
80900,deal,contract_200,apartmenttype_460,202206
116500,deal,contract_201,apartmenttype_461,202204
115000,deal,contract_202,apartmenttype_462,202205
100000,deal,contract_203,apartmenttype_463,202104
99000,deal,contract_204,apartmenttype_464,202104
145000,deal,contract_205,apartmenttype_466,202104
212500,deal,contract_206,apartmenttype_467,202205
230000,deal,contract_207,apartmenttype_468,202106
265000,deal,contract_208,apartmenttype_469,202107
310500,deal,contract_209,apartmenttype_470,202107
267000,deal,contract_210,apartmenttype_471,202102
398000,deal,contract_211,apartmenttype_472,202204
398000,deal,contract_212,apartmenttype_473,202107
410000,deal,contract_213,apartmenttype_474,202109
392000,deal,contract_214,apartmenttype_475,202104
46850,deal,contract_215,apartmenttype_234,202109
47000,deal,contract_216,apartmenttype_235,202005
50350,deal,contract_217,apartmenttype_236,202205
86000,deal,contract_218,apartmenttype_238,201912
167000,deal,contract_219,apartmenttype_229,202203
180000,deal,contract_220,apartmenttype_230,202112
171000,deal,contract_221,apartmenttype_231,202104
225000,deal,contract_222,apartmenttype_476,202204
230000,deal,contract_223,apartmenttype_477,202206
277500,deal,contract_224,apartmenttype_478,202206
287000,deal,contract_225,apartmenttype_298,202105
286500,deal,contract_226,apartmenttype_299,202107
342500,deal,contract_227,apartmenttype_300,202204
304250,deal,contract_228,apartmenttype_301,202101
410000,deal,contract_229,apartmenttype_302,202206
319000,deal,contract_230,apartmenttype_303,202102
253000,deal,contract_231,apartmenttype_304,202004
300000,deal,contract_232,apartmenttype_308,202010
378000,deal,contract_233,apartmenttype_309,202204
438000,deal,contract_234,apartmenttype_310,202206
360000,deal,contract_235,apartmenttype_311,202111
290000,deal,contract_236,apartmenttype_312,202011
237000,deal,contract_237,apartmenttype_313,202105
255000,deal,contract_238,apartmenttype_314,202108
238800,deal,contract_239,apartmenttype_315,202103
345000,deal,contract_240,apartmenttype_316,202108
345750,deal,contract_241,apartmenttype_317,202207
343000,deal,contract_242,apartmenttype_318,202205
360000,deal,contract_243,apartmenttype_319,202204
285000,deal,contract_244,apartmenttype_320,201910
470000,deal,contract_245,apartmenttype_321,202204
157000,deal,contract_246,apartmenttype_233,202201
250000,deal,contract_247,apartmenttype_480,202204
270000,deal,contract_248,apartmenttype_481,202106
359000,deal,contract_249,apartmenttype_482,202204
420000,deal,contract_250,apartmenttype_483,202204
220000,deal,contract_251,apartmenttype_484,202007
262000,deal,contract_252,apartmenttype_485,202205
308000,deal,contract_253,apartmenttype_486,202012
340000,deal,contract_254,apartmenttype_487,202201
363000,deal,contract_255,apartmenttype_488,202205
420000,deal,contract_256,apartmenttype_489,202109
450000,deal,contract_257,apartmenttype_491,202110
450000,deal,contract_258,apartmenttype_493,202109
205000,deal,contract_259,apartmenttype_65,202205
168500,deal,contract_260,apartmenttype_66,202007
229000,deal,contract_261,apartmenttype_67,202108
211500,deal,contract_262,apartmenttype_68,202101
205000,deal,contract_263,apartmenttype_69,202103
234000,deal,contract_264,apartmenttype_70,202106
240000,deal,contract_265,apartmenttype_71,202012
285000,deal,contract_266,apartmenttype_72,202204
283000,deal,contract_267,apartmenttype_73,202109
205000,deal,contract_268,apartmenttype_74,202205
194000,deal,contract_269,apartmenttype_75,202110
194000,deal,contract_270,apartmenttype_76,202101
200000,deal,contract_271,apartmenttype_77,202101
137000,deal,contract_272,apartmenttype_1245,202110
128000,deal,contract_273,apartmenttype_1246,202012
161000,deal,contract_274,apartmenttype_1247,202104
203500,deal,contract_275,apartmenttype_1248,202109
148500,deal,contract_276,apartmenttype_1249,202006
165000,deal,contract_277,apartmenttype_1250,202010
180000,deal,contract_278,apartmenttype_1251,202105
144000,deal,contract_279,apartmenttype_1265,202104
122500,deal,contract_280,apartmenttype_1266,202003
128000,deal,contract_281,apartmenttype_1267,202012
150000,deal,contract_282,apartmenttype_1268,202008
128000,deal,contract_283,apartmenttype_1269,201907
148000,deal,contract_284,apartmenttype_1270,202007
155000,deal,contract_285,apartmenttype_1272,202111
148333,deal,contract_286,apartmenttype_1273,202104
148500,deal,contract_287,apartmenttype_1275,202011
159000,deal,contract_288,apartmenttype_245,202102
170000,deal,contract_289,apartmenttype_246,202206
194000,deal,contract_290,apartmenttype_247,202205
120000,deal,contract_291,apartmenttype_248,202008
168800,deal,contract_292,apartmenttype_251,202107
174500,deal,contract_293,apartmenttype_252,202106
172000,deal,contract_294,apartmenttype_253,202203
199000,deal,contract_295,apartmenttype_254,202109
180000,deal,contract_296,apartmenttype_255,202111
128000,deal,contract_297,apartmenttype_256,201911
174500,deal,contract_298,apartmenttype_257,202109
240000,deal,contract_299,apartmenttype_78,202107
298500,deal,contract_300,apartmenttype_79,202106
280000,deal,contract_301,apartmenttype_80,202103
290000,deal,contract_302,apartmenttype_81,202106
146000,deal,contract_303,apartmenttype_259,202109
132000,deal,contract_304,apartmenttype_260,202007
134000,deal,contract_305,apartmenttype_261,202101
155000,deal,contract_306,apartmenttype_262,202102
184000,deal,contract_307,apartmenttype_263,202112
181000,deal,contract_308,apartmenttype_264,202106
154000,deal,contract_309,apartmenttype_82,202007
230000,deal,contract_310,apartmenttype_83,202107
250000,deal,contract_311,apartmenttype_85,202201
179000,deal,contract_312,apartmenttype_265,202102
163000,deal,contract_313,apartmenttype_266,202010
170000,deal,contract_314,apartmenttype_267,202101
200000,deal,contract_315,apartmenttype_268,202107
189000,deal,contract_316,apartmenttype_269,202012
226000,deal,contract_317,apartmenttype_270,202108
240000,deal,contract_318,apartmenttype_271,202109
185000,deal,contract_319,apartmenttype_86,202110
172000,deal,contract_320,apartmenttype_87,202105
179000,deal,contract_321,apartmenttype_90,202012
149500,deal,contract_322,apartmenttype_91,202005
177500,deal,contract_323,apartmenttype_94,202104
210000,deal,contract_324,apartmenttype_95,202106
190000,deal,contract_325,apartmenttype_96,202104
225000,deal,contract_326,apartmenttype_101,202201
230000,deal,contract_327,apartmenttype_103,202110
220000,deal,contract_328,apartmenttype_104,202203
232500,deal,contract_329,apartmenttype_105,202105
125000,deal,contract_330,apartmenttype_108,202006
185000,deal,contract_331,apartmenttype_109,202206
140000,deal,contract_332,apartmenttype_110,202102
230000,deal,contract_333,apartmenttype_112,202110
125500,deal,contract_334,apartmenttype_277,202012
135000,deal,contract_335,apartmenttype_278,202102
143000,deal,contract_336,apartmenttype_279,202108
130000,deal,contract_337,apartmenttype_280,202007
155000,deal,contract_338,apartmenttype_281,202106
150000,deal,contract_339,apartmenttype_282,202111
101000,deal,contract_340,apartmenttype_283,201907
173000,deal,contract_341,apartmenttype_284,202201
165000,deal,contract_342,apartmenttype_285,202206
160000,deal,contract_343,apartmenttype_286,202105
153000,deal,contract_344,apartmenttype_287,202104
212500,deal,contract_345,apartmenttype_120,202204
155000,deal,contract_346,apartmenttype_121,202012
210000,deal,contract_347,apartmenttype_122,202102
209000,deal,contract_348,apartmenttype_123,202105
91866,deal,contract_349,apartmenttype_292,202105
71000,deal,contract_350,apartmenttype_293,202106
114700,deal,contract_351,apartmenttype_295,202206
114700,deal,contract_352,apartmenttype_297,202205
380000,deal,contract_353,apartmenttype_124,202205
272500,deal,contract_354,apartmenttype_125,202006
280000,deal,contract_355,apartmenttype_126,202007
337000,deal,contract_356,apartmenttype_127,202007
33000,deal,contract_357,apartmenttype_129,202006
44500,deal,contract_358,apartmenttype_130,202112
47500,deal,contract_359,apartmenttype_132,202204
54500,deal,contract_360,apartmenttype_134,202105
54300,deal,contract_361,apartmenttype_136,201907
70000,deal,contract_362,apartmenttype_137,202103
85000,deal,contract_363,apartmenttype_138,202009
355000,deal,contract_364,apartmenttype_140,202206
335000,deal,contract_365,apartmenttype_142,202112
75500,deal,contract_366,apartmenttype_144,202110
88800,deal,contract_367,apartmenttype_146,202204
75500,deal,contract_368,apartmenttype_148,202101
89800,deal,contract_369,apartmenttype_149,202110
89000,deal,contract_370,apartmenttype_150,202205
130000,deal,contract_371,apartmenttype_151,202204
27000,deal,contract_372,apartmenttype_153,202207
29700,deal,contract_373,apartmenttype_154,202205
42750,deal,contract_374,apartmenttype_155,202206
39500,deal,contract_375,apartmenttype_156,202111
258000,deal,contract_376,apartmenttype_157,202111
249000,deal,contract_377,apartmenttype_158,202103
278000,deal,contract_378,apartmenttype_159,202205
220000,deal,contract_379,apartmenttype_160,202105
199000,deal,contract_380,apartmenttype_161,202011
149000,deal,contract_381,apartmenttype_163,202006
173300,deal,contract_382,apartmenttype_164,202006
189800,deal,contract_383,apartmenttype_165,202103
203000,deal,contract_384,apartmenttype_169,202109
178000,deal,contract_385,apartmenttype_170,202103
256500,deal,contract_386,apartmenttype_171,202112
282000,deal,contract_387,apartmenttype_173,202105
295000,deal,contract_388,apartmenttype_175,202107
320000,deal,contract_389,apartmenttype_176,202107
70700,deal,contract_390,apartmenttype_178,202006
77000,deal,contract_391,apartmenttype_182,202006
79000,deal,contract_392,apartmenttype_183,202007
100000,deal,contract_393,apartmenttype_184,202106
80000,deal,contract_394,apartmenttype_185,202010
72000,deal,contract_395,apartmenttype_186,201911
88000,deal,contract_396,apartmenttype_188,202012
110000,deal,contract_397,apartmenttype_191,202010
103500,deal,contract_398,apartmenttype_192,202101
150000,deal,contract_399,apartmenttype_195,202012
200000,deal,contract_400,apartmenttype_196,202110
245000,deal,contract_401,apartmenttype_203,202110
210000,deal,contract_402,apartmenttype_206,202104
190000,deal,contract_403,apartmenttype_209,202007
245000,deal,contract_404,apartmenttype_210,202012
265000,deal,contract_405,apartmenttype_211,202104
290000,deal,contract_406,apartmenttype_214,202105
265000,deal,contract_407,apartmenttype_217,202105
122300,deal,contract_408,apartmenttype_1,202011
228000,deal,contract_409,apartmenttype_8,202107
234000,deal,contract_410,apartmenttype_9,202112
213000,deal,contract_411,apartmenttype_10,202105
250000,deal,contract_412,apartmenttype_11,202205
210000,deal,contract_413,apartmenttype_13,202011
240000,deal,contract_414,apartmenttype_15,202012
190000,deal,contract_415,apartmenttype_24,202106
248000,deal,contract_416,apartmenttype_25,202112
197000,deal,contract_417,apartmenttype_26,202205
180000,deal,contract_418,apartmenttype_28,202102
157000,deal,contract_419,apartmenttype_29,202007
190000,deal,contract_420,apartmenttype_30,202107
282000,deal,contract_421,apartmenttype_31,202206
130000,deal,contract_422,apartmenttype_32,202203
142700,deal,contract_423,apartmenttype_33,202010
146750,deal,contract_424,apartmenttype_35,202006
153000,deal,contract_425,apartmenttype_36,202008
198000,deal,contract_426,apartmenttype_37,202204
210000,deal,contract_427,apartmenttype_721,202205
240000,deal,contract_428,apartmenttype_722,202104
223000,deal,contract_429,apartmenttype_724,202012
221000,deal,contract_430,apartmenttype_725,202104
267000,deal,contract_431,apartmenttype_726,202203
220000,deal,contract_432,apartmenttype_727,202108
215000,deal,contract_433,apartmenttype_728,202101
230000,deal,contract_434,apartmenttype_730,202007
198000,deal,contract_435,apartmenttype_731,202004
259000,deal,contract_436,apartmenttype_732,202101
288000,deal,contract_437,apartmenttype_733,202109
315000,deal,contract_438,apartmenttype_734,202202
199000,deal,contract_439,apartmenttype_735,201907
268000,deal,contract_440,apartmenttype_736,202011
230000,deal,contract_441,apartmenttype_737,201907
307010,deal,contract_442,apartmenttype_738,202201
365000,deal,contract_443,apartmenttype_740,202205
315000,deal,contract_444,apartmenttype_741,202102
242500,deal,contract_445,apartmenttype_742,202204
249000,deal,contract_446,apartmenttype_743,202205
321000,deal,contract_447,apartmenttype_744,202204
325000,deal,contract_448,apartmenttype_745,202202
270000,deal,contract_449,apartmenttype_746,202111
325000,deal,contract_450,apartmenttype_747,202111
255000,deal,contract_451,apartmenttype_748,202008
275000,deal,contract_452,apartmenttype_749,202105
138500,deal,contract_453,apartmenttype_750,202005
125000,deal,contract_454,apartmenttype_751,202204
180000,deal,contract_455,apartmenttype_752,202012
158000,deal,contract_456,apartmenttype_754,202105
230000,deal,contract_457,apartmenttype_755,202112
155500,deal,contract_458,apartmenttype_756,202012
158000,deal,contract_459,apartmenttype_758,202010
33000,deal,contract_460,apartmenttype_763,202102
74000,deal,contract_461,apartmenttype_764,202110
75000,deal,contract_462,apartmenttype_765,202204
47800,deal,contract_463,apartmenttype_766,201910
85000,deal,contract_464,apartmenttype_767,202106
65500,deal,contract_465,apartmenttype_768,202001
348000,deal,contract_466,apartmenttype_772,202206
266000,deal,contract_467,apartmenttype_775,202012
266000,deal,contract_468,apartmenttype_776,201912
262500,deal,contract_469,apartmenttype_777,202005
350000,deal,contract_470,apartmenttype_781,202105
390000,deal,contract_471,apartmenttype_782,202110
320000,deal,contract_472,apartmenttype_783,201910
380000,deal,contract_473,apartmenttype_784,202011
370000,deal,contract_474,apartmenttype_790,201912
370000,deal,contract_475,apartmenttype_792,202003
162000,deal,contract_476,apartmenttype_795,202201
179000,deal,contract_477,apartmenttype_796,202102
197000,deal,contract_478,apartmenttype_797,202109
220000,deal,contract_479,apartmenttype_798,202008
34000,deal,contract_480,apartmenttype_799,202204
30000,deal,contract_481,apartmenttype_800,202205
74000,deal,contract_482,apartmenttype_803,202110
62000,deal,contract_483,apartmenttype_805,202012
95000,deal,contract_484,apartmenttype_807,202205
294000,deal,contract_485,apartmenttype_809,202110
230000,deal,contract_486,apartmenttype_810,202007
299000,deal,contract_487,apartmenttype_811,202109
210000,deal,contract_488,apartmenttype_817,202108
245000,deal,contract_489,apartmenttype_818,202110
250000,deal,contract_490,apartmenttype_819,202110
295000,deal,contract_491,apartmenttype_820,202205
291000,deal,contract_492,apartmenttype_824,202105
368000,deal,contract_493,apartmenttype_826,202203
297000,deal,contract_494,apartmenttype_1213,202105
450000,deal,contract_495,apartmenttype_1222,202110
20000,deal,contract_496,apartmenttype_834,202204
19900,deal,contract_497,apartmenttype_835,202205
20000,deal,contract_498,apartmenttype_836,202204
19500,deal,contract_499,apartmenttype_837,202201
20250,deal,contract_500,apartmenttype_838,202111
26000,deal,contract_501,apartmenttype_839,202206
23000,deal,contract_502,apartmenttype_840,202103
25000,deal,contract_503,apartmenttype_841,202203
25000,deal,contract_504,apartmenttype_842,202202
83000,deal,contract_505,apartmenttype_829,202010
95000,deal,contract_506,apartmenttype_830,202104
95500,deal,contract_507,apartmenttype_831,202005
160000,deal,contract_508,apartmenttype_832,202112
126800,deal,contract_509,apartmenttype_833,202106
100000,deal,contract_510,apartmenttype_843,201908
130000,deal,contract_511,apartmenttype_845,202007
111500,deal,contract_512,apartmenttype_846,201908
135000,deal,contract_513,apartmenttype_848,202008
28500,deal,contract_514,apartmenttype_849,202201
30700,deal,contract_515,apartmenttype_850,202204
30000,deal,contract_516,apartmenttype_851,202207
37300,deal,contract_517,apartmenttype_852,202206
55000,deal,contract_518,apartmenttype_853,202203
193000,deal,contract_519,apartmenttype_530,201908
280000,deal,contract_520,apartmenttype_532,202101
294000,deal,contract_521,apartmenttype_533,202108
397000,deal,contract_522,apartmenttype_534,202205
320000,deal,contract_523,apartmenttype_535,202008
310000,deal,contract_524,apartmenttype_536,202007
490000,deal,contract_525,apartmenttype_537,202112
396000,deal,contract_526,apartmenttype_538,202103
425000,deal,contract_527,apartmenttype_539,202102
216000,deal,contract_528,apartmenttype_607,202101
220000,deal,contract_529,apartmenttype_608,202204
279500,deal,contract_530,apartmenttype_609,202103
319000,deal,contract_531,apartmenttype_610,202110
310000,deal,contract_532,apartmenttype_611,202204
370000,deal,contract_533,apartmenttype_612,202108
296000,deal,contract_534,apartmenttype_613,202105
300000,deal,contract_535,apartmenttype_614,202003
180000,deal,contract_536,apartmenttype_38,202110
222000,deal,contract_537,apartmenttype_39,202206
240000,deal,contract_538,apartmenttype_40,202106
247300,deal,contract_539,apartmenttype_42,202105
103500,deal,contract_540,apartmenttype_854,202002
160000,deal,contract_541,apartmenttype_855,202108
130000,deal,contract_542,apartmenttype_856,201910
130000,deal,contract_543,apartmenttype_857,201910
139900,deal,contract_544,apartmenttype_858,202002
182000,deal,contract_545,apartmenttype_860,202110
159000,deal,contract_546,apartmenttype_862,202101
160000,deal,contract_547,apartmenttype_864,202008
227000,deal,contract_548,apartmenttype_865,202108
180000,deal,contract_549,apartmenttype_868,202012
158000,deal,contract_550,apartmenttype_870,201912
170000,deal,contract_551,apartmenttype_872,202009
235000,deal,contract_552,apartmenttype_873,202109
175000,deal,contract_553,apartmenttype_875,202010
167000,deal,contract_554,apartmenttype_879,202108
205000,deal,contract_555,apartmenttype_881,202203
204500,deal,contract_556,apartmenttype_882,202204
139500,deal,contract_557,apartmenttype_883,202007
127000,deal,contract_558,apartmenttype_884,201907
117500,deal,contract_559,apartmenttype_885,202006
180000,deal,contract_560,apartmenttype_886,202106
134000,deal,contract_561,apartmenttype_887,202005
134700,deal,contract_562,apartmenttype_892,201907
159000,deal,contract_563,apartmenttype_894,202006
172500,deal,contract_564,apartmenttype_896,202012
229000,deal,contract_565,apartmenttype_901,202204
131000,deal,contract_566,apartmenttype_902,202105
177000,deal,contract_567,apartmenttype_904,202012
24500,deal,contract_568,apartmenttype_906,202204
28000,deal,contract_569,apartmenttype_907,202203
31800,deal,contract_570,apartmenttype_908,202105
38700,deal,contract_571,apartmenttype_910,202104
39000,deal,contract_572,apartmenttype_911,202107
157000,deal,contract_573,apartmenttype_916,201908
155000,deal,contract_574,apartmenttype_917,202004
194000,deal,contract_575,apartmenttype_920,202009
270000,deal,contract_576,apartmenttype_921,202110
150000,deal,contract_577,apartmenttype_923,202007
180000,deal,contract_578,apartmenttype_924,202001
160000,deal,contract_579,apartmenttype_926,202007
189500,deal,contract_580,apartmenttype_927,202012
186750,deal,contract_581,apartmenttype_928,202010
280000,deal,contract_582,apartmenttype_929,202204
34800,deal,contract_583,apartmenttype_953,202005
32800,deal,contract_584,apartmenttype_954,202110
32850,deal,contract_585,apartmenttype_955,202011
40800,deal,contract_586,apartmenttype_956,202204
42000,deal,contract_587,apartmenttype_958,202109
42200,deal,contract_588,apartmenttype_959,202205
49000,deal,contract_589,apartmenttype_960,202204
49800,deal,contract_590,apartmenttype_961,202205
71000,deal,contract_591,apartmenttype_963,202108
47000,deal,contract_592,apartmenttype_964,202108
53000,deal,contract_593,apartmenttype_965,202204
61500,deal,contract_594,apartmenttype_966,202104
58500,deal,contract_595,apartmenttype_967,202105
62500,deal,contract_596,apartmenttype_968,202104
60000,deal,contract_597,apartmenttype_970,201911
60000,deal,contract_598,apartmenttype_971,202011
55500,deal,contract_599,apartmenttype_972,202001
71900,deal,contract_600,apartmenttype_973,202103
60000,deal,contract_601,apartmenttype_975,201912
80000,deal,contract_602,apartmenttype_933,202109
105000,deal,contract_603,apartmenttype_935,202109
90000,deal,contract_604,apartmenttype_936,202102
78800,deal,contract_605,apartmenttype_937,202008
135000,deal,contract_606,apartmenttype_939,202110
53000,deal,contract_607,apartmenttype_940,202201
69900,deal,contract_608,apartmenttype_941,202109
164000,deal,contract_609,apartmenttype_942,202104
215000,deal,contract_610,apartmenttype_944,202101
160000,deal,contract_611,apartmenttype_945,202006
220000,deal,contract_612,apartmenttype_947,202101
164000,deal,contract_613,apartmenttype_948,202010
230000,deal,contract_614,apartmenttype_949,202009
300000,deal,contract_615,apartmenttype_952,202009
270000,deal,contract_616,apartmenttype_976,202207
270000,deal,contract_617,apartmenttype_977,202205
211000,deal,contract_618,apartmenttype_978,202205
299000,deal,contract_619,apartmenttype_979,202204
275000,deal,contract_620,apartmenttype_980,202109
267000,deal,contract_621,apartmenttype_981,202103
325000,deal,contract_622,apartmenttype_982,202202
224000,deal,contract_623,apartmenttype_983,201907
371000,deal,contract_624,apartmenttype_984,202104
300000,deal,contract_625,apartmenttype_985,201912
182000,deal,contract_626,apartmenttype_986,202109
145000,deal,contract_627,apartmenttype_987,202007
189000,deal,contract_628,apartmenttype_988,202109
118000,deal,contract_629,apartmenttype_989,201908
190500,deal,contract_630,apartmenttype_990,202204
213500,deal,contract_631,apartmenttype_991,202107
209000,deal,contract_632,apartmenttype_992,202108
170250,deal,contract_633,apartmenttype_993,202106
200000,deal,contract_634,apartmenttype_994,202205
149990,deal,contract_635,apartmenttype_995,202204
164000,deal,contract_636,apartmenttype_996,202006
210000,deal,contract_637,apartmenttype_997,202205
157000,deal,contract_638,apartmenttype_998,202007
148000,deal,contract_639,apartmenttype_999,202006
217000,deal,contract_640,apartmenttype_1002,202204
52000,deal,contract_641,apartmenttype_1005,202112
57200,deal,contract_642,apartmenttype_1006,202108
153500,deal,contract_643,apartmenttype_1007,202109
147000,deal,contract_644,apartmenttype_1008,202007
185000,deal,contract_645,apartmenttype_1009,202110
175000,deal,contract_646,apartmenttype_1200,202105
182000,deal,contract_647,apartmenttype_1201,202110
248000,deal,contract_648,apartmenttype_1010,202110
270000,deal,contract_649,apartmenttype_1011,202204
205000,deal,contract_650,apartmenttype_1012,202111
32250,deal,contract_651,apartmenttype_1013,202205
40500,deal,contract_652,apartmenttype_1014,202205
43000,deal,contract_653,apartmenttype_1015,202206
47300,deal,contract_654,apartmenttype_1016,202001
57500,deal,contract_655,apartmenttype_1017,202103
149900,deal,contract_656,apartmenttype_1020,202007
200000,deal,contract_657,apartmenttype_1025,202204
147500,deal,contract_658,apartmenttype_1038,201911
210000,deal,contract_659,apartmenttype_1039,202109
240000,deal,contract_660,apartmenttype_1040,202109
238500,deal,contract_661,apartmenttype_1041,202106
163000,deal,contract_662,apartmenttype_1042,202108
195000,deal,contract_663,apartmenttype_1043,202111
113750,deal,contract_664,apartmenttype_1044,202012
112500,deal,contract_665,apartmenttype_1045,202012
138000,deal,contract_666,apartmenttype_1046,202203
180000,deal,contract_667,apartmenttype_1048,202102
164000,deal,contract_668,apartmenttype_1049,202009
145000,deal,contract_669,apartmenttype_1050,202007
185000,deal,contract_670,apartmenttype_1052,202105
36500,deal,contract_671,apartmenttype_1054,202101
26000,deal,contract_672,apartmenttype_1055,202108
35000,deal,contract_673,apartmenttype_1057,202011
37500,deal,contract_674,apartmenttype_1058,202206
41000,deal,contract_675,apartmenttype_1060,202103
39500,deal,contract_676,apartmenttype_1062,202012
36500,deal,contract_677,apartmenttype_1063,202005
40900,deal,contract_678,apartmenttype_1064,202104
41000,deal,contract_679,apartmenttype_1066,202101
52000,deal,contract_680,apartmenttype_1068,202204
60000,deal,contract_681,apartmenttype_1069,202206
48000,deal,contract_682,apartmenttype_1070,202104
57000,deal,contract_683,apartmenttype_1071,202201
52000,deal,contract_684,apartmenttype_1072,202108
61000,deal,contract_685,apartmenttype_1073,202203
60000,deal,contract_686,apartmenttype_1074,202202
72000,deal,contract_687,apartmenttype_1078,202007
85000,deal,contract_688,apartmenttype_1082,202012
24700,deal,contract_689,apartmenttype_1087,202110
32000,deal,contract_690,apartmenttype_1091,202101
32000,deal,contract_691,apartmenttype_1093,202204
30000,deal,contract_692,apartmenttype_1094,202203
33000,deal,contract_693,apartmenttype_1095,202206
47800,deal,contract_694,apartmenttype_1097,202011
45750,deal,contract_695,apartmenttype_1098,202001
48000,deal,contract_696,apartmenttype_1099,202011
54000,deal,contract_697,apartmenttype_1101,202107
59000,deal,contract_698,apartmenttype_1102,202002
225000,deal,contract_699,apartmenttype_1103,202105
130000,deal,contract_700,apartmenttype_1104,202008
244000,deal,contract_701,apartmenttype_1105,202007
250000,deal,contract_702,apartmenttype_1106,202205
252000,deal,contract_703,apartmenttype_1107,202206
230000,deal,contract_704,apartmenttype_1108,202102
279750,deal,contract_705,apartmenttype_1109,202204
174975,deal,contract_706,apartmenttype_1110,201907
264500,deal,contract_707,apartmenttype_1111,202105
300000,deal,contract_708,apartmenttype_1112,202109
115000,deal,contract_709,apartmenttype_1113,202011
130000,deal,contract_710,apartmenttype_1115,202006
148000,deal,contract_711,apartmenttype_1119,201909
183000,deal,contract_712,apartmenttype_1120,202012
138000,deal,contract_713,apartmenttype_1122,201908
158000,deal,contract_714,apartmenttype_1125,201908
236000,deal,contract_715,apartmenttype_1126,202205
370000,deal,contract_716,apartmenttype_1127,202205
317500,deal,contract_717,apartmenttype_1128,202106
425000,deal,contract_718,apartmenttype_1129,202206
340000,deal,contract_719,apartmenttype_1130,202104
426000,deal,contract_720,apartmenttype_1131,202205
130000,deal,contract_721,apartmenttype_1132,202105
159000,deal,contract_722,apartmenttype_1133,201912
250000,deal,contract_723,apartmenttype_1134,202204
233000,deal,contract_724,apartmenttype_1135,202109
248000,deal,contract_725,apartmenttype_1136,202101
240000,deal,contract_726,apartmenttype_1137,202105
260000,deal,contract_727,apartmenttype_1138,202204
275000,deal,contract_728,apartmenttype_1139,202107
279000,deal,contract_729,apartmenttype_1140,202106
295000,deal,contract_730,apartmenttype_1141,202112
206000,deal,contract_731,apartmenttype_1142,202006
200000,deal,contract_732,apartmenttype_1143,202004
219500,deal,contract_733,apartmenttype_1144,202102
300000,deal,contract_734,apartmenttype_1145,202106
310000,deal,contract_735,apartmenttype_1147,202112
220000,deal,contract_736,apartmenttype_1148,202008
331000,deal,contract_737,apartmenttype_1149,202101
380000,deal,contract_738,apartmenttype_1150,202203
350000,deal,contract_739,apartmenttype_1152,202105
307500,deal,contract_740,apartmenttype_1154,202005
195000,deal,contract_741,apartmenttype_1155,202105
160000,deal,contract_742,apartmenttype_1156,202204
196750,deal,contract_743,apartmenttype_1158,202012
235000,deal,contract_744,apartmenttype_1160,202205
253500,deal,contract_745,apartmenttype_1161,202011
262000,deal,contract_746,apartmenttype_1162,201912
230000,deal,contract_747,apartmenttype_1163,201910
268000,deal,contract_748,apartmenttype_1164,202007
218000,deal,contract_749,apartmenttype_1169,202112
196000,deal,contract_750,apartmenttype_1170,202106
290000,deal,contract_751,apartmenttype_1171,202201
281000,deal,contract_752,apartmenttype_1172,202109
255000,deal,contract_753,apartmenttype_1173,202111
310000,deal,contract_754,apartmenttype_1174,202107
240000,deal,contract_755,apartmenttype_1175,201908
300000,deal,contract_756,apartmenttype_1177,201910
270000,deal,contract_757,apartmenttype_1187,202108
310000,deal,contract_758,apartmenttype_1189,202204
312000,deal,contract_759,apartmenttype_1190,202205
350000,deal,contract_760,apartmenttype_1192,202108
405000,deal,contract_761,apartmenttype_1193,202206
150000,deal,contract_762,apartmenttype_43,202011
212000,deal,contract_763,apartmenttype_44,202109
235000,deal,contract_764,apartmenttype_45,202105
250000,deal,contract_765,apartmenttype_46,202108
153000,deal,contract_766,apartmenttype_47,202006
200000,deal,contract_767,apartmenttype_48,202012
198000,deal,contract_768,apartmenttype_49,202012
132000,deal,contract_769,apartmenttype_50,201908
203000,deal,contract_770,apartmenttype_51,202104
148750,deal,contract_771,apartmenttype_52,202009
156500,deal,contract_772,apartmenttype_53,202104
162000,deal,contract_773,apartmenttype_54,202011
180000,deal,contract_774,apartmenttype_55,202204
152500,deal,contract_775,apartmenttype_56,202106
169000,deal,contract_776,apartmenttype_57,202112
192000,deal,contract_777,apartmenttype_58,202206
310000,deal,contract_778,apartmenttype_59,202205
210000,deal,contract_779,apartmenttype_60,201911
180000,deal,contract_780,apartmenttype_61,202104
159000,deal,contract_781,apartmenttype_62,202006
230000,deal,contract_782,apartmenttype_63,202107
180000,deal,contract_783,apartmenttype_64,201908
172000,deal,contract_784,apartmenttype_198,202103
170000,deal,contract_785,apartmenttype_199,202204
240000,deal,contract_786,apartmenttype_200,202107
227500,deal,contract_787,apartmenttype_201,202107
283000,deal,contract_788,apartmenttype_202,202201
72298,lease,contract_789,apartmenttype_577,202201
102267,lease,contract_790,apartmenttype_578,202207
138250,lease,contract_791,apartmenttype_579,202206
230000,lease,contract_792,apartmenttype_581,202205
230000,lease,contract_793,apartmenttype_582,202204
215000,lease,contract_794,apartmenttype_583,202206
157500,lease,contract_795,apartmenttype_584,202204
350000,lease,contract_796,apartmenttype_585,202202
173250,lease,contract_797,apartmenttype_586,202112
240000,lease,contract_798,apartmenttype_587,202012
210000,lease,contract_799,apartmenttype_588,202111
189000,lease,contract_800,apartmenttype_589,202105
252000,lease,contract_801,apartmenttype_590,202109
243600,lease,contract_802,apartmenttype_592,202101
298375,lease,contract_803,apartmenttype_593,202206
260000,lease,contract_804,apartmenttype_594,202012
283500,lease,contract_805,apartmenttype_595,202207
450000,lease,contract_806,apartmenttype_596,202112
288750,lease,contract_807,apartmenttype_597,202101
400000,lease,contract_808,apartmenttype_599,202005
83000,lease,contract_809,apartmenttype_513,202107
83000,lease,contract_810,apartmenttype_514,202101
95000,lease,contract_811,apartmenttype_515,202206
83000,lease,contract_812,apartmenttype_516,202206
110000,lease,contract_813,apartmenttype_517,202205
106000,lease,contract_814,apartmenttype_518,202207
111300,lease,contract_815,apartmenttype_540,202204
158000,lease,contract_816,apartmenttype_541,202206
150100,lease,contract_817,apartmenttype_542,202206
141750,lease,contract_818,apartmenttype_543,202111
230000,lease,contract_819,apartmenttype_544,202202
330000,lease,contract_820,apartmenttype_545,202206
122325,lease,contract_821,apartmenttype_546,202207
127821,lease,contract_822,apartmenttype_547,202205
31952,lease,contract_823,apartmenttype_548,202110
59240,lease,contract_824,apartmenttype_549,202112
168000,lease,contract_825,apartmenttype_550,202206
111888,lease,contract_826,apartmenttype_551,202207
250000,lease,contract_827,apartmenttype_552,202105
199500,lease,contract_828,apartmenttype_553,202107
325000,lease,contract_829,apartmenttype_554,202206
220500,lease,contract_830,apartmenttype_555,202110
380000,lease,contract_831,apartmenttype_556,202207
241500,lease,contract_832,apartmenttype_557,202105
330000,lease,contract_833,apartmenttype_558,202207
294000,lease,contract_834,apartmenttype_559,202202
320250,lease,contract_835,apartmenttype_560,202202
430000,lease,contract_836,apartmenttype_561,202205
100325,lease,contract_837,apartmenttype_562,202205
91104,lease,contract_838,apartmenttype_563,202207
168000,lease,contract_839,apartmenttype_564,202207
180000,lease,contract_840,apartmenttype_565,202206
160000,lease,contract_841,apartmenttype_566,202206
195300,lease,contract_842,apartmenttype_567,202112
280000,lease,contract_843,apartmenttype_568,202204
231000,lease,contract_844,apartmenttype_569,202207
231000,lease,contract_845,apartmenttype_570,202202
240000,lease,contract_846,apartmenttype_571,202201
252000,lease,contract_847,apartmenttype_572,202207
390000,lease,contract_848,apartmenttype_573,202205
550000,lease,contract_849,apartmenttype_574,202207
480000,lease,contract_850,apartmenttype_575,202111
500000,lease,contract_851,apartmenttype_576,202203
78750,lease,contract_852,apartmenttype_604,202111
89000,lease,contract_853,apartmenttype_605,202207
124500,lease,contract_854,apartmenttype_606,202206
85612,lease,contract_855,apartmenttype_615,202205
185000,lease,contract_856,apartmenttype_616,202207
136250,lease,contract_857,apartmenttype_617,202101
210000,lease,contract_858,apartmenttype_618,202207
220000,lease,contract_859,apartmenttype_619,202101
110000,lease,contract_860,apartmenttype_323,202204
130000,lease,contract_861,apartmenttype_324,202205
26000,lease,contract_862,apartmenttype_325,202110
31500,lease,contract_863,apartmenttype_327,202202
30870,lease,contract_864,apartmenttype_328,202206
47200,lease,contract_865,apartmenttype_329,202206
70000,lease,contract_866,apartmenttype_621,202205
90000,lease,contract_867,apartmenttype_622,202106
80000,lease,contract_868,apartmenttype_623,202110
70000,lease,contract_869,apartmenttype_332,202109
81183,lease,contract_870,apartmenttype_333,202207
18000,lease,contract_871,apartmenttype_330,202104
50000,lease,contract_872,apartmenttype_331,201911
112000,lease,contract_873,apartmenttype_334,202205
165000,lease,contract_874,apartmenttype_335,202112
190000,lease,contract_875,apartmenttype_336,202205
114000,lease,contract_876,apartmenttype_337,202011
140000,lease,contract_877,apartmenttype_338,202207
115500,lease,contract_878,apartmenttype_339,202112
136500,lease,contract_879,apartmenttype_340,202206
170000,lease,contract_880,apartmenttype_341,202203
157500,lease,contract_881,apartmenttype_342,202204
40950,lease,contract_882,apartmenttype_343,202207
30975,lease,contract_883,apartmenttype_344,202012
59850,lease,contract_884,apartmenttype_345,202206
43000,lease,contract_885,apartmenttype_346,202206
78750,lease,contract_886,apartmenttype_347,202207
81900,lease,contract_887,apartmenttype_349,202207
68775,lease,contract_888,apartmenttype_350,202201
88000,lease,contract_889,apartmenttype_351,202202
89250,lease,contract_890,apartmenttype_352,202206
78750,lease,contract_891,apartmenttype_353,202207
60900,lease,contract_892,apartmenttype_354,202207
89250,lease,contract_893,apartmenttype_355,202207
59000,lease,contract_894,apartmenttype_356,202205
100000,lease,contract_895,apartmenttype_358,202202
107000,lease,contract_896,apartmenttype_359,202107
107000,lease,contract_897,apartmenttype_360,202205
40675,lease,contract_898,apartmenttype_361,202205
63000,lease,contract_899,apartmenttype_362,202207
43000,lease,contract_900,apartmenttype_363,202207
63000,lease,contract_901,apartmenttype_364,202111
89000,lease,contract_902,apartmenttype_365,202207
103000,lease,contract_903,apartmenttype_239,202205
145000,lease,contract_904,apartmenttype_366,202205
158000,lease,contract_905,apartmenttype_367,202203
20000,lease,contract_906,apartmenttype_368,202004
21500,lease,contract_907,apartmenttype_369,202003
25000,lease,contract_908,apartmenttype_370,201912
65000,lease,contract_909,apartmenttype_373,201910
65000,lease,contract_910,apartmenttype_375,202002
25000,lease,contract_911,apartmenttype_379,202008
21000,lease,contract_912,apartmenttype_380,201908
35000,lease,contract_913,apartmenttype_382,202003
60000,lease,contract_914,apartmenttype_384,202006
54212,lease,contract_915,apartmenttype_240,202207
64000,lease,contract_916,apartmenttype_241,202206
70300,lease,contract_917,apartmenttype_388,202207
128000,lease,contract_918,apartmenttype_389,202110
87150,lease,contract_919,apartmenttype_390,202207
55000,lease,contract_920,apartmenttype_386,202009
65000,lease,contract_921,apartmenttype_387,202007
15750,lease,contract_922,apartmenttype_391,202002
14000,lease,contract_923,apartmenttype_392,201911
14000,lease,contract_924,apartmenttype_393,201912
60000,lease,contract_925,apartmenttype_395,201912
47000,lease,contract_926,apartmenttype_396,201911
63000,lease,contract_927,apartmenttype_397,202203
86000,lease,contract_928,apartmenttype_398,202111
97000,lease,contract_929,apartmenttype_399,202206
70875,lease,contract_930,apartmenttype_624,202207
73000,lease,contract_931,apartmenttype_625,202206
68250,lease,contract_932,apartmenttype_626,202207
20666,lease,contract_933,apartmenttype_400,202002
46000,lease,contract_934,apartmenttype_401,201912
70000,lease,contract_935,apartmenttype_403,202001
90000,lease,contract_936,apartmenttype_404,202205
84000,lease,contract_937,apartmenttype_405,202206
115000,lease,contract_938,apartmenttype_406,202112
78000,lease,contract_939,apartmenttype_407,202205
79000,lease,contract_940,apartmenttype_408,202204
68000,lease,contract_941,apartmenttype_409,202110
48300,lease,contract_942,apartmenttype_411,202108
60900,lease,contract_943,apartmenttype_412,202112
88050,lease,contract_944,apartmenttype_413,202206
70000,lease,contract_945,apartmenttype_414,202004
76650,lease,contract_946,apartmenttype_415,202203
60000,lease,contract_947,apartmenttype_416,201912
73500,lease,contract_948,apartmenttype_417,202107
78750,lease,contract_949,apartmenttype_418,202206
94500,lease,contract_950,apartmenttype_419,202207
99750,lease,contract_951,apartmenttype_420,202207
75600,lease,contract_952,apartmenttype_421,202205
78600,lease,contract_953,apartmenttype_422,202206
50400,lease,contract_954,apartmenttype_423,202107
55650,lease,contract_955,apartmenttype_627,202112
78075,lease,contract_956,apartmenttype_628,202205
68250,lease,contract_957,apartmenttype_629,202203
78500,lease,contract_958,apartmenttype_630,202204
80000,lease,contract_959,apartmenttype_631,202205
138000,lease,contract_960,apartmenttype_632,202112
125000,lease,contract_961,apartmenttype_633,202012
98000,lease,contract_962,apartmenttype_433,202206
77700,lease,contract_963,apartmenttype_424,202206
83500,lease,contract_964,apartmenttype_425,202206
107600,lease,contract_965,apartmenttype_426,202207
57750,lease,contract_966,apartmenttype_427,202109
47000,lease,contract_967,apartmenttype_428,202101
80000,lease,contract_968,apartmenttype_429,202111
73500,lease,contract_969,apartmenttype_430,202010
52500,lease,contract_970,apartmenttype_431,202109
39900,lease,contract_971,apartmenttype_242,202207
47000,lease,contract_972,apartmenttype_243,202207
68250,lease,contract_973,apartmenttype_434,202207
78000,lease,contract_974,apartmenttype_435,202204
78750,lease,contract_975,apartmenttype_436,202207
72000,lease,contract_976,apartmenttype_437,202207
72000,lease,contract_977,apartmenttype_438,202110
95000,lease,contract_978,apartmenttype_439,202207
85000,lease,contract_979,apartmenttype_440,202207
73500,lease,contract_980,apartmenttype_441,202206
95000,lease,contract_981,apartmenttype_442,202206
110000,lease,contract_982,apartmenttype_443,202207
105125,lease,contract_983,apartmenttype_444,202204
48500,lease,contract_984,apartmenttype_635,202205
50662,lease,contract_985,apartmenttype_636,202205
105000,lease,contract_986,apartmenttype_637,202204
110000,lease,contract_987,apartmenttype_639,202010
110000,lease,contract_988,apartmenttype_640,202204
75000,lease,contract_989,apartmenttype_445,202204
87000,lease,contract_990,apartmenttype_446,202207
64050,lease,contract_991,apartmenttype_447,202205
73366,lease,contract_992,apartmenttype_448,202205
89000,lease,contract_993,apartmenttype_449,202206
90000,lease,contract_994,apartmenttype_450,202206
89250,lease,contract_995,apartmenttype_452,202206
120000,lease,contract_996,apartmenttype_454,202204
160650,lease,contract_997,apartmenttype_458,202206
22050,lease,contract_998,apartmenttype_460,202207
39000,lease,contract_999,apartmenttype_461,202205
34650,lease,contract_1000,apartmenttype_462,202207
50000,lease,contract_1001,apartmenttype_463,202110
31500,lease,contract_1002,apartmenttype_464,202106
75000,lease,contract_1003,apartmenttype_466,202205
77700,lease,contract_1004,apartmenttype_467,202111
55500,lease,contract_1005,apartmenttype_468,202207
57750,lease,contract_1006,apartmenttype_469,202207
67200,lease,contract_1007,apartmenttype_470,202207
73500,lease,contract_1008,apartmenttype_471,202207
76070,lease,contract_1009,apartmenttype_472,202206
107625,lease,contract_1010,apartmenttype_473,202206
113000,lease,contract_1011,apartmenttype_474,202206
120000,lease,contract_1012,apartmenttype_475,202207
27500,lease,contract_1013,apartmenttype_234,202206
31000,lease,contract_1014,apartmenttype_235,202207
33600,lease,contract_1015,apartmenttype_236,202205
50400,lease,contract_1016,apartmenttype_229,202206
75000,lease,contract_1017,apartmenttype_230,202207
52000,lease,contract_1018,apartmenttype_231,202206
57700,lease,contract_1019,apartmenttype_232,202010
78750,lease,contract_1020,apartmenttype_476,202207
83000,lease,contract_1021,apartmenttype_477,202205
92400,lease,contract_1022,apartmenttype_478,202207
160000,lease,contract_1023,apartmenttype_298,202205
136500,lease,contract_1024,apartmenttype_299,202206
155000,lease,contract_1025,apartmenttype_300,202207
157500,lease,contract_1026,apartmenttype_301,202105
157500,lease,contract_1027,apartmenttype_302,202206
195000,lease,contract_1028,apartmenttype_303,202112
162750,lease,contract_1029,apartmenttype_304,202206
180600,lease,contract_1030,apartmenttype_305,202207
189000,lease,contract_1031,apartmenttype_306,202206
184000,lease,contract_1032,apartmenttype_308,202007
163000,lease,contract_1033,apartmenttype_309,202207
183750,lease,contract_1034,apartmenttype_310,202207
161250,lease,contract_1035,apartmenttype_311,202207
230000,lease,contract_1036,apartmenttype_312,202207
135000,lease,contract_1037,apartmenttype_313,202105
115500,lease,contract_1038,apartmenttype_314,202202
118750,lease,contract_1039,apartmenttype_315,202207
141750,lease,contract_1040,apartmenttype_316,202204
132300,lease,contract_1041,apartmenttype_317,202207
167000,lease,contract_1042,apartmenttype_318,202207
143000,lease,contract_1043,apartmenttype_319,202010
165900,lease,contract_1044,apartmenttype_320,202207
210000,lease,contract_1045,apartmenttype_321,202207
45000,lease,contract_1046,apartmenttype_233,202207
96250,lease,contract_1047,apartmenttype_479,202105
92400,lease,contract_1048,apartmenttype_480,202111
114450,lease,contract_1049,apartmenttype_481,202110
170000,lease,contract_1050,apartmenttype_482,202012
165375,lease,contract_1051,apartmenttype_483,202112
115500,lease,contract_1052,apartmenttype_484,202206
126966,lease,contract_1053,apartmenttype_485,202206
176000,lease,contract_1054,apartmenttype_486,202101
180000,lease,contract_1055,apartmenttype_487,202206
136500,lease,contract_1056,apartmenttype_488,202207
196125,lease,contract_1057,apartmenttype_489,202205
191250,lease,contract_1058,apartmenttype_490,202206
170625,lease,contract_1059,apartmenttype_491,202206
199500,lease,contract_1060,apartmenttype_492,202206
176400,lease,contract_1061,apartmenttype_493,202207
46481,lease,contract_1062,apartmenttype_65,202206
44019,lease,contract_1063,apartmenttype_66,202206
108150,lease,contract_1064,apartmenttype_67,202207
110250,lease,contract_1065,apartmenttype_68,202207
128000,lease,contract_1066,apartmenttype_69,202206
135000,lease,contract_1067,apartmenttype_70,202206
140000,lease,contract_1068,apartmenttype_71,202202
165000,lease,contract_1069,apartmenttype_72,202204
240000,lease,contract_1070,apartmenttype_73,202104
99500,lease,contract_1071,apartmenttype_74,202205
119500,lease,contract_1072,apartmenttype_75,202205
122500,lease,contract_1073,apartmenttype_76,202103
96600,lease,contract_1074,apartmenttype_77,202205
40162,lease,contract_1075,apartmenttype_1245,202203
54124,lease,contract_1076,apartmenttype_1246,202206
93000,lease,contract_1077,apartmenttype_1247,202204
91350,lease,contract_1078,apartmenttype_1248,202207
80000,lease,contract_1079,apartmenttype_1249,202201
85000,lease,contract_1080,apartmenttype_1250,202202
94500,lease,contract_1081,apartmenttype_1251,202206
71400,lease,contract_1082,apartmenttype_1265,202207
41737,lease,contract_1083,apartmenttype_1266,202207
27917,lease,contract_1084,apartmenttype_1267,202204
89250,lease,contract_1085,apartmenttype_1268,202206
32899,lease,contract_1086,apartmenttype_1269,202206
66000,lease,contract_1087,apartmenttype_1270,202109
68000,lease,contract_1088,apartmenttype_1271,202012
65100,lease,contract_1089,apartmenttype_1272,202206
60600,lease,contract_1090,apartmenttype_1273,202206
80000,lease,contract_1091,apartmenttype_1274,202206
90000,lease,contract_1092,apartmenttype_1275,202102
49612,lease,contract_1093,apartmenttype_244,202207
49612,lease,contract_1094,apartmenttype_245,202206
53383,lease,contract_1095,apartmenttype_246,202206
61031,lease,contract_1096,apartmenttype_247,202205
16953,lease,contract_1097,apartmenttype_248,202207
81500,lease,contract_1098,apartmenttype_249,202202
31689,lease,contract_1099,apartmenttype_250,202207
51000,lease,contract_1100,apartmenttype_251,202205
63556,lease,contract_1101,apartmenttype_252,202207
41671,lease,contract_1102,apartmenttype_253,202207
120000,lease,contract_1103,apartmenttype_254,202206
90000,lease,contract_1104,apartmenttype_255,202203
71925,lease,contract_1105,apartmenttype_256,202202
73500,lease,contract_1106,apartmenttype_257,202203
95000,lease,contract_1107,apartmenttype_78,202206
145000,lease,contract_1108,apartmenttype_79,202110
90000,lease,contract_1109,apartmenttype_80,202102
145000,lease,contract_1110,apartmenttype_81,202206
77000,lease,contract_1111,apartmenttype_259,202206
72400,lease,contract_1112,apartmenttype_260,202206
65000,lease,contract_1113,apartmenttype_261,202202
81900,lease,contract_1114,apartmenttype_262,202201
115000,lease,contract_1115,apartmenttype_263,202202
95000,lease,contract_1116,apartmenttype_264,202010
84000,lease,contract_1117,apartmenttype_82,202107
154000,lease,contract_1118,apartmenttype_83,202110
200000,lease,contract_1119,apartmenttype_85,202111
78700,lease,contract_1120,apartmenttype_265,202206
78750,lease,contract_1121,apartmenttype_266,202112
115000,lease,contract_1122,apartmenttype_267,202203
94500,lease,contract_1123,apartmenttype_268,202202
94500,lease,contract_1124,apartmenttype_269,202204
89250,lease,contract_1125,apartmenttype_270,202108
90000,lease,contract_1126,apartmenttype_271,201910
135000,lease,contract_1127,apartmenttype_273,201908
86000,lease,contract_1128,apartmenttype_86,202112
99500,lease,contract_1129,apartmenttype_87,202010
108150,lease,contract_1130,apartmenttype_90,202203
150000,lease,contract_1131,apartmenttype_94,202205
195000,lease,contract_1132,apartmenttype_95,202108
126000,lease,contract_1133,apartmenttype_96,202201
99000,lease,contract_1134,apartmenttype_101,202203
52000,lease,contract_1135,apartmenttype_102,201908
78750,lease,contract_1136,apartmenttype_103,202207
57700,lease,contract_1137,apartmenttype_104,202110
140000,lease,contract_1138,apartmenttype_105,202106
36750,lease,contract_1139,apartmenttype_107,202110
60000,lease,contract_1140,apartmenttype_108,202206
75000,lease,contract_1141,apartmenttype_109,202206
62400,lease,contract_1142,apartmenttype_112,202206
80000,lease,contract_1143,apartmenttype_113,202012
72500,lease,contract_1144,apartmenttype_277,202206
59000,lease,contract_1145,apartmenttype_278,202206
70000,lease,contract_1146,apartmenttype_279,202207
79000,lease,contract_1147,apartmenttype_280,202207
62000,lease,contract_1148,apartmenttype_281,202206
74600,lease,contract_1149,apartmenttype_282,202206
84000,lease,contract_1150,apartmenttype_283,202204
66150,lease,contract_1151,apartmenttype_284,202207
73500,lease,contract_1152,apartmenttype_285,202204
83000,lease,contract_1153,apartmenttype_286,202207
66150,lease,contract_1154,apartmenttype_287,202204
123000,lease,contract_1155,apartmenttype_120,202207
98175,lease,contract_1156,apartmenttype_121,202101
93000,lease,contract_1157,apartmenttype_122,202206
99750,lease,contract_1158,apartmenttype_123,202106
60000,lease,contract_1159,apartmenttype_292,202205
67500,lease,contract_1160,apartmenttype_293,202203
75000,lease,contract_1161,apartmenttype_294,202205
80000,lease,contract_1162,apartmenttype_295,202205
72000,lease,contract_1163,apartmenttype_297,202205
55985,lease,contract_1164,apartmenttype_288,202206
52500,lease,contract_1165,apartmenttype_289,202205
71500,lease,contract_1166,apartmenttype_290,202206
58800,lease,contract_1167,apartmenttype_291,202206
210000,lease,contract_1168,apartmenttype_124,202205
170000,lease,contract_1169,apartmenttype_125,201909
195000,lease,contract_1170,apartmenttype_126,202006
230000,lease,contract_1171,apartmenttype_127,202112
23100,lease,contract_1172,apartmenttype_129,202107
28300,lease,contract_1173,apartmenttype_130,202205
30000,lease,contract_1174,apartmenttype_131,201909
34000,lease,contract_1175,apartmenttype_132,202205
36750,lease,contract_1176,apartmenttype_136,202102
50000,lease,contract_1177,apartmenttype_137,202203
52500,lease,contract_1178,apartmenttype_138,202207
190000,lease,contract_1179,apartmenttype_140,202207
167000,lease,contract_1180,apartmenttype_142,202112
48000,lease,contract_1181,apartmenttype_144,202204
49613,lease,contract_1182,apartmenttype_146,202207
52500,lease,contract_1183,apartmenttype_148,202203
47300,lease,contract_1184,apartmenttype_149,202207
44100,lease,contract_1185,apartmenttype_150,202205
25700,lease,contract_1186,apartmenttype_153,202205
25000,lease,contract_1187,apartmenttype_154,202206
37000,lease,contract_1188,apartmenttype_155,202203
35000,lease,contract_1189,apartmenttype_156,202109
167000,lease,contract_1190,apartmenttype_157,202203
131250,lease,contract_1191,apartmenttype_158,202102
150000,lease,contract_1192,apartmenttype_159,202001
140000,lease,contract_1193,apartmenttype_160,202107
165000,lease,contract_1194,apartmenttype_161,202105
100000,lease,contract_1195,apartmenttype_163,202112
78200,lease,contract_1196,apartmenttype_164,202108
95000,lease,contract_1197,apartmenttype_165,202206
95000,lease,contract_1198,apartmenttype_166,202009
87000,lease,contract_1199,apartmenttype_167,202205
95000,lease,contract_1200,apartmenttype_168,202002
82600,lease,contract_1201,apartmenttype_169,202207
77700,lease,contract_1202,apartmenttype_170,202206
110250,lease,contract_1203,apartmenttype_171,202112
141750,lease,contract_1204,apartmenttype_172,202110
157500,lease,contract_1205,apartmenttype_173,202111
136500,lease,contract_1206,apartmenttype_174,202101
176000,lease,contract_1207,apartmenttype_175,202205
200000,lease,contract_1208,apartmenttype_176,202102
45000,lease,contract_1209,apartmenttype_177,202104
43000,lease,contract_1210,apartmenttype_178,202007
60000,lease,contract_1211,apartmenttype_179,202112
41475,lease,contract_1212,apartmenttype_180,202102
50000,lease,contract_1213,apartmenttype_182,202009
57000,lease,contract_1214,apartmenttype_183,202101
54905,lease,contract_1215,apartmenttype_184,202207
52000,lease,contract_1216,apartmenttype_186,201911
50000,lease,contract_1217,apartmenttype_188,202102
50000,lease,contract_1218,apartmenttype_192,202109
70000,lease,contract_1219,apartmenttype_195,202203
100000,lease,contract_1220,apartmenttype_196,202103
20000,lease,contract_1221,apartmenttype_203,202202
65000,lease,contract_1222,apartmenttype_204,202012
70000,lease,contract_1223,apartmenttype_205,202107
68000,lease,contract_1224,apartmenttype_206,202204
75000,lease,contract_1225,apartmenttype_207,201907
70000,lease,contract_1226,apartmenttype_209,202008
70000,lease,contract_1227,apartmenttype_210,202204
97000,lease,contract_1228,apartmenttype_214,202110
78750,lease,contract_1229,apartmenttype_215,202103
100000,lease,contract_1230,apartmenttype_217,202008
67000,lease,contract_1231,apartmenttype_1,202003
120000,lease,contract_1232,apartmenttype_7,202102
140000,lease,contract_1233,apartmenttype_8,202204
101850,lease,contract_1234,apartmenttype_9,202202
94500,lease,contract_1235,apartmenttype_10,202204
140000,lease,contract_1236,apartmenttype_11,202203
116925,lease,contract_1237,apartmenttype_15,202202
65000,lease,contract_1238,apartmenttype_24,202207
78750,lease,contract_1239,apartmenttype_25,202206
30500,lease,contract_1240,apartmenttype_26,202108
30000,lease,contract_1241,apartmenttype_27,202105
45000,lease,contract_1242,apartmenttype_28,202201
30000,lease,contract_1243,apartmenttype_29,202002
35000,lease,contract_1244,apartmenttype_30,202202
70000,lease,contract_1245,apartmenttype_31,202107
80000,lease,contract_1246,apartmenttype_32,202205
95000,lease,contract_1247,apartmenttype_33,202207
117000,lease,contract_1248,apartmenttype_35,202202
115000,lease,contract_1249,apartmenttype_36,202205
82500,lease,contract_1250,apartmenttype_37,202207
94500,lease,contract_1251,apartmenttype_721,202207
123666,lease,contract_1252,apartmenttype_722,202205
130000,lease,contract_1253,apartmenttype_723,202205
113400,lease,contract_1254,apartmenttype_724,202206
128000,lease,contract_1255,apartmenttype_725,202204
160000,lease,contract_1256,apartmenttype_726,202206
54757,lease,contract_1257,apartmenttype_727,202205
54757,lease,contract_1258,apartmenttype_728,202207
94500,lease,contract_1259,apartmenttype_729,202104
115500,lease,contract_1260,apartmenttype_730,202206
97500,lease,contract_1261,apartmenttype_731,202105
119625,lease,contract_1262,apartmenttype_732,202206
155000,lease,contract_1263,apartmenttype_733,202202
136500,lease,contract_1264,apartmenttype_734,202111
120000,lease,contract_1265,apartmenttype_735,201907
134400,lease,contract_1266,apartmenttype_736,202109
170000,lease,contract_1267,apartmenttype_737,202010
120000,lease,contract_1268,apartmenttype_738,202111
210000,lease,contract_1269,apartmenttype_740,202112
152250,lease,contract_1270,apartmenttype_741,202111
106116,lease,contract_1271,apartmenttype_742,202207
135000,lease,contract_1272,apartmenttype_743,202207
129750,lease,contract_1273,apartmenttype_744,202202
175000,lease,contract_1274,apartmenttype_745,202207
69750,lease,contract_1275,apartmenttype_746,202206
79200,lease,contract_1276,apartmenttype_747,202204
102000,lease,contract_1277,apartmenttype_748,202205
73500,lease,contract_1278,apartmenttype_749,202205
115000,lease,contract_1279,apartmenttype_750,201912
112000,lease,contract_1280,apartmenttype_751,202109
130000,lease,contract_1281,apartmenttype_752,202011
100800,lease,contract_1282,apartmenttype_755,202112
135000,lease,contract_1283,apartmenttype_757,202205
140000,lease,contract_1284,apartmenttype_759,202012
110000,lease,contract_1285,apartmenttype_761,202111
23100,lease,contract_1286,apartmenttype_763,202103
45000,lease,contract_1287,apartmenttype_764,202010
50000,lease,contract_1288,apartmenttype_765,202202
40900,lease,contract_1289,apartmenttype_766,202111
68000,lease,contract_1290,apartmenttype_767,202102
65000,lease,contract_1291,apartmenttype_768,202205
130000,lease,contract_1292,apartmenttype_774,202002
150000,lease,contract_1293,apartmenttype_775,202112
157500,lease,contract_1294,apartmenttype_776,202206
220000,lease,contract_1295,apartmenttype_777,202107
170000,lease,contract_1296,apartmenttype_781,202001
230000,lease,contract_1297,apartmenttype_782,202102
280000,lease,contract_1298,apartmenttype_789,201912
190000,lease,contract_1299,apartmenttype_790,202012
70000,lease,contract_1300,apartmenttype_794,202108
64050,lease,contract_1301,apartmenttype_795,202206
73500,lease,contract_1302,apartmenttype_796,202204
84000,lease,contract_1303,apartmenttype_797,202207
145000,lease,contract_1304,apartmenttype_798,202205
27500,lease,contract_1305,apartmenttype_799,202203
24100,lease,contract_1306,apartmenttype_800,202207
36380,lease,contract_1307,apartmenttype_803,202102
37500,lease,contract_1308,apartmenttype_804,201909
42000,lease,contract_1309,apartmenttype_805,202203
52500,lease,contract_1310,apartmenttype_807,202206
58375,lease,contract_1311,apartmenttype_808,202202
113400,lease,contract_1312,apartmenttype_809,202206
105000,lease,contract_1313,apartmenttype_810,202103
145000,lease,contract_1314,apartmenttype_811,202206
218000,lease,contract_1315,apartmenttype_813,202207
185000,lease,contract_1316,apartmenttype_815,202112
189000,lease,contract_1317,apartmenttype_816,202205
29000,lease,contract_1318,apartmenttype_817,202207
20000,lease,contract_1319,apartmenttype_818,202205
38900,lease,contract_1320,apartmenttype_819,202203
120000,lease,contract_1321,apartmenttype_820,202205
58000,lease,contract_1322,apartmenttype_821,202010
64000,lease,contract_1323,apartmenttype_823,202103
60000,lease,contract_1324,apartmenttype_824,202102
60000,lease,contract_1325,apartmenttype_825,202111
70000,lease,contract_1326,apartmenttype_826,202206
20000,lease,contract_1327,apartmenttype_834,202205
20000,lease,contract_1328,apartmenttype_835,202207
19000,lease,contract_1329,apartmenttype_836,202206
21500,lease,contract_1330,apartmenttype_837,202207
20930,lease,contract_1331,apartmenttype_839,202204
19500,lease,contract_1332,apartmenttype_840,202103
24750,lease,contract_1333,apartmenttype_842,202101
38850,lease,contract_1334,apartmenttype_828,202109
60000,lease,contract_1335,apartmenttype_829,202103
61900,lease,contract_1336,apartmenttype_830,202206
69000,lease,contract_1337,apartmenttype_831,202206
62000,lease,contract_1338,apartmenttype_832,202204
88000,lease,contract_1339,apartmenttype_833,202206
70000,lease,contract_1340,apartmenttype_843,202012
86100,lease,contract_1341,apartmenttype_845,202206
89250,lease,contract_1342,apartmenttype_846,202103
88000,lease,contract_1343,apartmenttype_848,202111
27500,lease,contract_1344,apartmenttype_849,202203
27000,lease,contract_1345,apartmenttype_850,202112
26250,lease,contract_1346,apartmenttype_851,202110
30750,lease,contract_1347,apartmenttype_852,202206
40000,lease,contract_1348,apartmenttype_853,202206
77175,lease,contract_1349,apartmenttype_529,202202
107125,lease,contract_1350,apartmenttype_530,202101
89250,lease,contract_1351,apartmenttype_531,202009
160000,lease,contract_1352,apartmenttype_532,202106
147000,lease,contract_1353,apartmenttype_533,202203
220000,lease,contract_1354,apartmenttype_534,202204
189000,lease,contract_1355,apartmenttype_535,202207
235000,lease,contract_1356,apartmenttype_536,202109
170888,lease,contract_1357,apartmenttype_537,202202
315000,lease,contract_1358,apartmenttype_538,202109
190000,lease,contract_1359,apartmenttype_539,202006
115500,lease,contract_1360,apartmenttype_607,202203
99750,lease,contract_1361,apartmenttype_608,202206
159000,lease,contract_1362,apartmenttype_609,202205
161425,lease,contract_1363,apartmenttype_610,202202
167500,lease,contract_1364,apartmenttype_611,202206
208500,lease,contract_1365,apartmenttype_612,202205
210000,lease,contract_1366,apartmenttype_613,202110
199000,lease,contract_1367,apartmenttype_614,202203
61950,lease,contract_1368,apartmenttype_38,202206
92400,lease,contract_1369,apartmenttype_39,202207
145000,lease,contract_1370,apartmenttype_40,202206
120000,lease,contract_1371,apartmenttype_41,202205
71400,lease,contract_1372,apartmenttype_854,202207
77000,lease,contract_1373,apartmenttype_855,202105
95000,lease,contract_1374,apartmenttype_860,202010
110000,lease,contract_1375,apartmenttype_862,202103
95000,lease,contract_1376,apartmenttype_863,202009
125000,lease,contract_1377,apartmenttype_864,202111
120000,lease,contract_1378,apartmenttype_868,202012
129000,lease,contract_1379,apartmenttype_869,202011
117500,lease,contract_1380,apartmenttype_873,202108
105000,lease,contract_1381,apartmenttype_874,202103
135000,lease,contract_1382,apartmenttype_875,202112
42000,lease,contract_1383,apartmenttype_879,202203
73000,lease,contract_1384,apartmenttype_881,202206
74666,lease,contract_1385,apartmenttype_882,202205
54600,lease,contract_1386,apartmenttype_883,202202
65000,lease,contract_1387,apartmenttype_884,202204
95000,lease,contract_1388,apartmenttype_885,202206
85000,lease,contract_1389,apartmenttype_886,202109
103000,lease,contract_1390,apartmenttype_892,202101
150000,lease,contract_1391,apartmenttype_896,202205
113000,lease,contract_1392,apartmenttype_898,202202
105000,lease,contract_1393,apartmenttype_899,202009
149000,lease,contract_1394,apartmenttype_901,202205
111000,lease,contract_1395,apartmenttype_902,202107
92400,lease,contract_1396,apartmenttype_904,202107
25500,lease,contract_1397,apartmenttype_906,202205
26000,lease,contract_1398,apartmenttype_907,202012
95000,lease,contract_1399,apartmenttype_917,201907
130000,lease,contract_1400,apartmenttype_920,202010
115500,lease,contract_1401,apartmenttype_921,202107
110000,lease,contract_1402,apartmenttype_924,202102
110000,lease,contract_1403,apartmenttype_926,202202
104000,lease,contract_1404,apartmenttype_927,202011
155000,lease,contract_1405,apartmenttype_928,202103
120750,lease,contract_1406,apartmenttype_929,202207
29400,lease,contract_1407,apartmenttype_953,202203
28000,lease,contract_1408,apartmenttype_954,201910
25500,lease,contract_1409,apartmenttype_955,201911
28000,lease,contract_1410,apartmenttype_956,202004
28000,lease,contract_1411,apartmenttype_957,202005
30282,lease,contract_1412,apartmenttype_958,202207
28500,lease,contract_1413,apartmenttype_959,202002
30400,lease,contract_1414,apartmenttype_960,202111
35000,lease,contract_1415,apartmenttype_961,202207
31500,lease,contract_1416,apartmenttype_964,202205
44000,lease,contract_1417,apartmenttype_965,202207
46000,lease,contract_1418,apartmenttype_967,202008
54000,lease,contract_1419,apartmenttype_971,202012
50400,lease,contract_1420,apartmenttype_972,202203
40000,lease,contract_1421,apartmenttype_973,202011
49990,lease,contract_1422,apartmenttype_975,201910
40500,lease,contract_1423,apartmenttype_933,202201
54600,lease,contract_1424,apartmenttype_935,202206
56000,lease,contract_1425,apartmenttype_936,202007
60000,lease,contract_1426,apartmenttype_937,202204
57700,lease,contract_1427,apartmenttype_938,202102
83000,lease,contract_1428,apartmenttype_939,202203
37800,lease,contract_1429,apartmenttype_940,202206
42995,lease,contract_1430,apartmenttype_941,202206
115000,lease,contract_1431,apartmenttype_942,202203
165000,lease,contract_1432,apartmenttype_944,202103
185000,lease,contract_1433,apartmenttype_947,202110
160000,lease,contract_1434,apartmenttype_948,202102
120000,lease,contract_1435,apartmenttype_949,202002
200000,lease,contract_1436,apartmenttype_951,202012
130000,lease,contract_1437,apartmenttype_977,201912
124000,lease,contract_1438,apartmenttype_978,201912
145000,lease,contract_1439,apartmenttype_979,201912
163500,lease,contract_1440,apartmenttype_980,202111
260000,lease,contract_1441,apartmenttype_985,202202
78750,lease,contract_1442,apartmenttype_986,202110
94000,lease,contract_1443,apartmenttype_987,202204
79000,lease,contract_1444,apartmenttype_988,202202
84000,lease,contract_1445,apartmenttype_989,202202
110000,lease,contract_1446,apartmenttype_990,202207
140000,lease,contract_1447,apartmenttype_991,202203
107000,lease,contract_1448,apartmenttype_992,202202
120000,lease,contract_1449,apartmenttype_993,202207
96600,lease,contract_1450,apartmenttype_994,202206
65000,lease,contract_1451,apartmenttype_995,202206
125000,lease,contract_1452,apartmenttype_996,202202
110000,lease,contract_1453,apartmenttype_997,202204
91350,lease,contract_1454,apartmenttype_998,202203
92400,lease,contract_1455,apartmenttype_999,202205
120000,lease,contract_1456,apartmenttype_1000,202204
100000,lease,contract_1457,apartmenttype_1001,202002
125000,lease,contract_1458,apartmenttype_1002,202205
115500,lease,contract_1459,apartmenttype_1004,202206
31000,lease,contract_1460,apartmenttype_1005,202203
50000,lease,contract_1461,apartmenttype_1006,202203
75750,lease,contract_1462,apartmenttype_1007,202203
120000,lease,contract_1463,apartmenttype_1008,202101
94500,lease,contract_1464,apartmenttype_1009,202110
120000,lease,contract_1465,apartmenttype_1199,202101
110000,lease,contract_1466,apartmenttype_1200,202202
140000,lease,contract_1467,apartmenttype_1201,202205
120000,lease,contract_1468,apartmenttype_1202,202203
200000,lease,contract_1469,apartmenttype_1010,202203
140700,lease,contract_1470,apartmenttype_1011,202205
175000,lease,contract_1471,apartmenttype_1012,202005
23000,lease,contract_1472,apartmenttype_1013,202207
28000,lease,contract_1473,apartmenttype_1014,202206
28500,lease,contract_1474,apartmenttype_1015,202205
48000,lease,contract_1475,apartmenttype_1016,202112
46200,lease,contract_1476,apartmenttype_1017,202206
85000,lease,contract_1477,apartmenttype_1020,202006
101850,lease,contract_1478,apartmenttype_1023,202205
85000,lease,contract_1479,apartmenttype_1024,202004
145000,lease,contract_1480,apartmenttype_1025,202204
105000,lease,contract_1481,apartmenttype_1026,202202
34650,lease,contract_1482,apartmenttype_1027,202109
34650,lease,contract_1483,apartmenttype_1028,202103
35500,lease,contract_1484,apartmenttype_1029,202207
35700,lease,contract_1485,apartmenttype_1031,202102
35700,lease,contract_1486,apartmenttype_1032,202106
40890,lease,contract_1487,apartmenttype_1033,202111
40800,lease,contract_1488,apartmenttype_1034,202112
49500,lease,contract_1489,apartmenttype_1035,202206
48400,lease,contract_1490,apartmenttype_1036,202206
42000,lease,contract_1491,apartmenttype_1037,202102
75000,lease,contract_1492,apartmenttype_1038,202007
84000,lease,contract_1493,apartmenttype_1039,202206
105000,lease,contract_1494,apartmenttype_1040,202207
140000,lease,contract_1495,apartmenttype_1041,202108
70000,lease,contract_1496,apartmenttype_1042,202207
66000,lease,contract_1497,apartmenttype_1043,202205
52500,lease,contract_1498,apartmenttype_1044,202206
48300,lease,contract_1499,apartmenttype_1045,202207
70000,lease,contract_1500,apartmenttype_1046,202206
81900,lease,contract_1501,apartmenttype_1048,202202
75000,lease,contract_1502,apartmenttype_1049,202110
77170,lease,contract_1503,apartmenttype_1050,202105
91000,lease,contract_1504,apartmenttype_1052,202203
21700,lease,contract_1505,apartmenttype_1055,202004
30000,lease,contract_1506,apartmenttype_1058,202108
34000,lease,contract_1507,apartmenttype_1062,202111
33600,lease,contract_1508,apartmenttype_1064,202204
34650,lease,contract_1509,apartmenttype_1067,202112
40000,lease,contract_1510,apartmenttype_1069,202107
35700,lease,contract_1511,apartmenttype_1070,202202
36000,lease,contract_1512,apartmenttype_1071,202007
46800,lease,contract_1513,apartmenttype_1072,202111
43000,lease,contract_1514,apartmenttype_1073,202104
40000,lease,contract_1515,apartmenttype_1074,202205
60000,lease,contract_1516,apartmenttype_1082,202106
21000,lease,contract_1517,apartmenttype_1085,202006
22000,lease,contract_1518,apartmenttype_1087,202204
27000,lease,contract_1519,apartmenttype_1091,202009
27300,lease,contract_1520,apartmenttype_1092,202204
29000,lease,contract_1521,apartmenttype_1094,202207
27300,lease,contract_1522,apartmenttype_1095,202109
43000,lease,contract_1523,apartmenttype_1098,202203
32000,lease,contract_1524,apartmenttype_1099,202005
23000,lease,contract_1525,apartmenttype_1101,202204
123675,lease,contract_1526,apartmenttype_1103,202204
131250,lease,contract_1527,apartmenttype_1104,202111
162750,lease,contract_1528,apartmenttype_1105,202202
104500,lease,contract_1529,apartmenttype_1106,202206
99750,lease,contract_1530,apartmenttype_1107,202204
110250,lease,contract_1531,apartmenttype_1108,202203
134333,lease,contract_1532,apartmenttype_1109,202205
120000,lease,contract_1533,apartmenttype_1110,202112
151825,lease,contract_1534,apartmenttype_1111,202206
105000,lease,contract_1535,apartmenttype_1112,202109
50000,lease,contract_1536,apartmenttype_1113,202205
68250,lease,contract_1537,apartmenttype_1115,202109
65000,lease,contract_1538,apartmenttype_1116,202012
70000,lease,contract_1539,apartmenttype_1119,201910
95000,lease,contract_1540,apartmenttype_1120,202111
80850,lease,contract_1541,apartmenttype_1122,202107
94500,lease,contract_1542,apartmenttype_1124,202111
100000,lease,contract_1543,apartmenttype_1125,202202
71050,lease,contract_1544,apartmenttype_1126,202207
140000,lease,contract_1545,apartmenttype_1127,202207
121733,lease,contract_1546,apartmenttype_1128,202206
163000,lease,contract_1547,apartmenttype_1129,202207
123000,lease,contract_1548,apartmenttype_1130,201907
120000,lease,contract_1549,apartmenttype_1131,202206
110250,lease,contract_1550,apartmenttype_1132,202204
110000,lease,contract_1551,apartmenttype_1133,202006
130000,lease,contract_1552,apartmenttype_1134,202110
190000,lease,contract_1553,apartmenttype_1135,202205
147000,lease,contract_1554,apartmenttype_1136,202202
200000,lease,contract_1555,apartmenttype_1137,202109
164850,lease,contract_1556,apartmenttype_1138,202204
223750,lease,contract_1557,apartmenttype_1139,202108
230000,lease,contract_1558,apartmenttype_1140,202110
227000,lease,contract_1559,apartmenttype_1141,202204
153300,lease,contract_1560,apartmenttype_1142,202109
200000,lease,contract_1561,apartmenttype_1143,202101
190000,lease,contract_1562,apartmenttype_1144,202103
196400,lease,contract_1563,apartmenttype_1145,202203
200000,lease,contract_1564,apartmenttype_1147,202102
147000,lease,contract_1565,apartmenttype_1148,202107
240000,lease,contract_1566,apartmenttype_1150,202207
250000,lease,contract_1567,apartmenttype_1151,202012
189000,lease,contract_1568,apartmenttype_1152,202205
72099,lease,contract_1569,apartmenttype_1155,202205
110000,lease,contract_1570,apartmenttype_1157,202204
115000,lease,contract_1571,apartmenttype_1158,202009
94500,lease,contract_1572,apartmenttype_1159,202012
106000,lease,contract_1573,apartmenttype_1160,202201
140375,lease,contract_1574,apartmenttype_1161,202203
157500,lease,contract_1575,apartmenttype_1162,202204
190000,lease,contract_1576,apartmenttype_1163,202204
139000,lease,contract_1577,apartmenttype_1164,202102
188000,lease,contract_1578,apartmenttype_1165,202202
200000,lease,contract_1579,apartmenttype_1166,202011
80500,lease,contract_1580,apartmenttype_1169,202207
94500,lease,contract_1581,apartmenttype_1170,202206
111216,lease,contract_1582,apartmenttype_1171,202206
143000,lease,contract_1583,apartmenttype_1172,202207
127500,lease,contract_1584,apartmenttype_1173,202207
166633,lease,contract_1585,apartmenttype_1174,202203
147000,lease,contract_1586,apartmenttype_1175,202204
165000,lease,contract_1587,apartmenttype_1176,202205
191500,lease,contract_1588,apartmenttype_1177,202205
147000,lease,contract_1589,apartmenttype_1185,202204
157000,lease,contract_1590,apartmenttype_1186,202112
180000,lease,contract_1591,apartmenttype_1189,202206
120000,lease,contract_1592,apartmenttype_1190,202207
220000,lease,contract_1593,apartmenttype_1192,202111
220000,lease,contract_1594,apartmenttype_1193,202107
65100,lease,contract_1595,apartmenttype_43,202202
92400,lease,contract_1596,apartmenttype_44,202205
105000,lease,contract_1597,apartmenttype_45,202009
150000,lease,contract_1598,apartmenttype_46,202204
88200,lease,contract_1599,apartmenttype_47,202202
130000,lease,contract_1600,apartmenttype_48,202010
152000,lease,contract_1601,apartmenttype_49,202203
105000,lease,contract_1602,apartmenttype_50,202003
170000,lease,contract_1603,apartmenttype_51,202104
73000,lease,contract_1604,apartmenttype_52,202205
54600,lease,contract_1605,apartmenttype_53,202204
67000,lease,contract_1606,apartmenttype_54,202205
77000,lease,contract_1607,apartmenttype_55,202205
71000,lease,contract_1608,apartmenttype_56,202204
92000,lease,contract_1609,apartmenttype_57,202207
103625,lease,contract_1610,apartmenttype_58,202206
130000,lease,contract_1611,apartmenttype_59,202206
140000,lease,contract_1612,apartmenttype_60,202010
95000,lease,contract_1613,apartmenttype_61,202207
92400,lease,contract_1614,apartmenttype_62,202202
160000,lease,contract_1615,apartmenttype_63,202205
131200,lease,contract_1616,apartmenttype_64,202207
80000,lease,contract_1617,apartmenttype_197,201910
100000,lease,contract_1618,apartmenttype_198,202205
120000,lease,contract_1619,apartmenttype_199,202205
115500,lease,contract_1620,apartmenttype_200,202207
110250,lease,contract_1621,apartmenttype_201,202203
198000,lease,contract_1622,apartmenttype_202,202205
